{
    "time": 1582761600.0,
    "name": "James Hou",
    "device_id": 4,
    "heartrate": 49.7135247158
}
{
    "time": 1582765200.0,
    "name": "James Hou",
    "device_id": 4,
    "heartrate": 48.1805267232
}
{
    "time": 1582768800.0,
    "name": "James Hou",
    "device_id": 4,
    "heartrate": 49.4508330685
}
{
    "time": 1582772400.0,
    "name": "James Hou",
    "device_id": 4,
    "heartrate": 50.3042697064
}
{
    "time": 1582776000.0,
    "name": "James Hou",
    "device_id": 4,
    "heartrate": 49.1572972481
}
{
    "time": 1582779600.0,
    "name": "James Hou",
    "device_id": 4,
    "heartrate": -221.9913743921
}
{
    "time": 1582783200.0,
    "name": "James Hou",
    "device_id": 4,
    "heartrate": 49.4141691643
}
{
    "time": 1582786800.0,
    "name": "James Hou",
    "device_id": 4,
    "heartrate": 81.1042426552
}
{
    "time": 1582790400.0,
    "name": "James Hou",
    "device_id": 4,
    "heartrate": 82.0805539863
}
{
    "time": 1582794000.0,
    "name": "James Hou",
    "device_id": 4,
    "heartrate": 80.2658636758
}
{
    "time": 1582797600.0,
    "name": "James Hou",
    "device_id": 4,
    "heartrate": 83.2016377201
}
{
    "time": 1582801200.0,
    "name": "James Hou",
    "device_id": 4,
    "heartrate": 82.1839685422
}
{
    "time": 1582804800.0,
    "name": "James Hou",
    "device_id": 4,
    "heartrate": 83.6694101599
}
{
    "time": 1582808400.0,
    "name": "James Hou",
    "device_id": 4,
    "heartrate": 83.7447797864
}
{
    "time": 1582812000.0,
    "name": "James Hou",
    "device_id": 4,
    "heartrate": 80.631977591
}
{
    "time": 1582815600.0,
    "name": "James Hou",
    "device_id": 4,
    "heartrate": 80.9387768822
}
{
    "time": 1582819200.0,
    "name": "James Hou",
    "device_id": 4,
    "heartrate": 137.6144113278
}
{
    "time": 1582822800.0,
    "name": "James Hou",
    "device_id": 4,
    "heartrate": 82.9985637858
}
{
    "time": 1582826400.0,
    "name": "James Hou",
    "device_id": 4,
    "heartrate": 82.4024097751
}
{
    "time": 1582830000.0,
    "name": "James Hou",
    "device_id": 4,
    "heartrate": 82.494381826
}
{
    "time": 1582833600.0,
    "name": "James Hou",
    "device_id": 4,
    "heartrate": 82.8028175415
}
{
    "time": 1582837200.0,
    "name": "James Hou",
    "device_id": 4,
    "heartrate": 50.2817721986
}
{
    "time": 1582840800.0,
    "name": "James Hou",
    "device_id": 4,
    "heartrate": 49.5515262787
}
{
    "time": 1582844400.0,
    "name": "James Hou",
    "device_id": 4,
    "heartrate": 49.5171836141
}
{
    "time": 1582848000.0,
    "name": "James Hou",
    "device_id": 4,
    "heartrate": 50.9775131633
}
{
    "time": 1582851600.0,
    "name": "James Hou",
    "device_id": 4,
    "heartrate": 50.8149004193
}
{
    "time": 1582855200.0,
    "name": "James Hou",
    "device_id": 4,
    "heartrate": 49.6612293436
}
{
    "time": 1582858800.0,
    "name": "James Hou",
    "device_id": 4,
    "heartrate": 50.7481055048
}
{
    "time": 1582862400.0,
    "name": "James Hou",
    "device_id": 4,
    "heartrate": 51.4954294122
}
{
    "time": 1582866000.0,
    "name": "James Hou",
    "device_id": 4,
    "heartrate": 52.3118819248
}
{
    "time": 1582869600.0,
    "name": "James Hou",
    "device_id": 4,
    "heartrate": 51.3499829045
}
{
    "time": 1582873200.0,
    "name": "James Hou",
    "device_id": 4,
    "heartrate": 85.9609884292
}
{
    "time": 1582876800.0,
    "name": "James Hou",
    "device_id": 4,
    "heartrate": 84.8474597641
}
{
    "time": 1582880400.0,
    "name": "James Hou",
    "device_id": 4,
    "heartrate": 87.4624513091
}
{
    "time": 1582884000.0,
    "name": "James Hou",
    "device_id": 4,
    "heartrate": 88.1256081514
}
{
    "time": 1582887600.0,
    "name": "James Hou",
    "device_id": 4,
    "heartrate": 85.8602737887
}
{
    "time": 1582891200.0,
    "name": "James Hou",
    "device_id": 4,
    "heartrate": 86.4081371479
}
{
    "time": 1582894800.0,
    "name": "James Hou",
    "device_id": 4,
    "heartrate": 84.8718927873
}
{
    "time": 1582898400.0,
    "name": "James Hou",
    "device_id": 4,
    "heartrate": 84.9683621977
}
{
    "time": 1582902000.0,
    "name": "James Hou",
    "device_id": 4,
    "heartrate": 85.0847347463
}
{
    "time": 1582905600.0,
    "name": "James Hou",
    "device_id": 4,
    "heartrate": 84.6731572387
}
{
    "time": 1582909200.0,
    "name": "James Hou",
    "device_id": 4,
    "heartrate": 87.6468244319
}
{
    "time": 1582912800.0,
    "name": "James Hou",
    "device_id": 4,
    "heartrate": 86.8894903371
}
{
    "time": 1582916400.0,
    "name": "James Hou",
    "device_id": 4,
    "heartrate": 85.1822207448
}
{
    "time": 1582920000.0,
    "name": "James Hou",
    "device_id": 4,
    "heartrate": 85.6967207753
}
{
    "time": 1582923600.0,
    "name": "James Hou",
    "device_id": 4,
    "heartrate": 86.1353746742
}
{
    "time": 1582927200.0,
    "name": "James Hou",
    "device_id": 4,
    "heartrate": 50.9521654416
}
{
    "time": 1582930800.0,
    "name": "James Hou",
    "device_id": 4,
    "heartrate": 52.443841073
}
{
    "time": 1582934400.0,
    "name": "James Hou",
    "device_id": 4,
    "heartrate": 59.4854578294
}
{
    "time": 1582938000.0,
    "name": "James Hou",
    "device_id": 4,
    "heartrate": 59.8272090801
}
{
    "time": 1582941600.0,
    "name": "James Hou",
    "device_id": 4,
    "heartrate": 58.6712827845
}
{
    "time": 1582945200.0,
    "name": "James Hou",
    "device_id": 4,
    "heartrate": 59.4621516213
}
{
    "time": 1582948800.0,
    "name": "James Hou",
    "device_id": 4,
    "heartrate": 59.4276228948
}
{
    "time": 1582952400.0,
    "name": "James Hou",
    "device_id": 4,
    "heartrate": 59.45525158
}
{
    "time": 1582956000.0,
    "name": "James Hou",
    "device_id": 4,
    "heartrate": 59.1417133477
}
{
    "time": 1582959600.0,
    "name": "James Hou",
    "device_id": 4,
    "heartrate": 59.0934558506
}
{
    "time": 1582963200.0,
    "name": "James Hou",
    "device_id": 4,
    "heartrate": 98.8502919381
}
{
    "time": 1582966800.0,
    "name": "James Hou",
    "device_id": 4,
    "heartrate": 99.1573047122
}
{
    "time": 1582970400.0,
    "name": "James Hou",
    "device_id": 4,
    "heartrate": 97.6563990557
}
{
    "time": 1582974000.0,
    "name": "James Hou",
    "device_id": 4,
    "heartrate": 97.6282884044
}
{
    "time": 1582977600.0,
    "name": "James Hou",
    "device_id": 4,
    "heartrate": 99.1895515397
}
{
    "time": 1582981200.0,
    "name": "James Hou",
    "device_id": 4,
    "heartrate": 98.8535683201
}
{
    "time": 1582984800.0,
    "name": "James Hou",
    "device_id": 4,
    "heartrate": 99.9882977594
}
{
    "time": 1582988400.0,
    "name": "James Hou",
    "device_id": 4,
    "heartrate": 97.9072582215
}
{
    "time": 1582992000.0,
    "name": "James Hou",
    "device_id": 4,
    "heartrate": 99.4758296135
}
{
    "time": 1582995600.0,
    "name": "James Hou",
    "device_id": 4,
    "heartrate": 98.752774022
}
{
    "time": 1582999200.0,
    "name": "James Hou",
    "device_id": 4,
    "heartrate": 97.9516578853
}
{
    "time": 1583002800.0,
    "name": "James Hou",
    "device_id": 4,
    "heartrate": 98.6509316692
}
{
    "time": 1583006400.0,
    "name": "James Hou",
    "device_id": 4,
    "heartrate": 98.7677078264
}
{
    "time": 1583010000.0,
    "name": "James Hou",
    "device_id": 4,
    "heartrate": 98.8949407841
}
{
    "time": 1583013600.0,
    "name": "James Hou",
    "device_id": 4,
    "heartrate": 96.51230951
}
{
    "time": 1583017200.0,
    "name": "James Hou",
    "device_id": 4,
    "heartrate": 57.4570694683
}